{
  "C360 Revamp Feature Evalute Call" : {
    "transaction" : "C360 Revamp Feature Evalute Call",
    "sampleCount" : 1000,
    "errorCount" : 110,
    "errorPct" : 11.0,
    "meanResTime" : 1141.1789999999994,
    "medianResTime" : 870.0,
    "minResTime" : 0.0,
    "maxResTime" : 7346.0,
    "pct1ResTime" : 2346.0,
    "pct2ResTime" : 3690.0,
    "pct3ResTime" : 4533.330000000001,
    "throughput" : 40.57453542156942,
    "receivedKBytesPerSec" : 34.356012385376935,
    "sentKBytesPerSec" : 195.8969476537775
  },
  "Search Config Call" : {
    "transaction" : "Search Config Call",
    "sampleCount" : 1000,
    "errorCount" : 0,
    "errorPct" : 0.0,
    "meanResTime" : 5228.412999999999,
    "medianResTime" : 4869.5,
    "minResTime" : 1531.0,
    "maxResTime" : 16993.0,
    "pct1ResTime" : 7647.0,
    "pct2ResTime" : 8075.849999999999,
    "pct3ResTime" : 10137.62,
    "throughput" : 36.284470246734394,
    "receivedKBytesPerSec" : 57.367731767053705,
    "sentKBytesPerSec" : 193.64709951015965
  },
  "Get Relationship PreConfig" : {
    "transaction" : "Get Relationship PreConfig",
    "sampleCount" : 1000,
    "errorCount" : 212,
    "errorPct" : 21.2,
    "meanResTime" : 34757.316999999995,
    "medianResTime" : 26846.0,
    "minResTime" : 9728.0,
    "maxResTime" : 66429.0,
    "pct1ResTime" : 63163.7,
    "pct2ResTime" : 63646.9,
    "pct3ResTime" : 64372.22,
    "throughput" : 10.767623908432126,
    "receivedKBytesPerSec" : 4.334936026854455,
    "sentKBytesPerSec" : 57.50794448751494
  },
  "C360 Layout Listing State Call" : {
    "transaction" : "C360 Layout Listing State Call",
    "sampleCount" : 1000,
    "errorCount" : 180,
    "errorPct" : 18.0,
    "meanResTime" : 1476.799,
    "medianResTime" : 1030.5,
    "minResTime" : 0.0,
    "maxResTime" : 8405.0,
    "pct1ResTime" : 3054.9,
    "pct2ResTime" : 4648.699999999998,
    "pct3ResTime" : 6968.260000000002,
    "throughput" : 42.299395118649805,
    "receivedKBytesPerSec" : 44.8800713009179,
    "sentKBytesPerSec" : 186.46845654794637
  },
  "Get Relaitonship types" : {
    "transaction" : "Get Relaitonship types",
    "sampleCount" : 1000,
    "errorCount" : 0,
    "errorPct" : 0.0,
    "meanResTime" : 24737.327999999994,
    "medianResTime" : 24143.0,
    "minResTime" : 4656.0,
    "maxResTime" : 55254.0,
    "pct1ResTime" : 26897.3,
    "pct2ResTime" : 28686.7,
    "pct3ResTime" : 54218.47,
    "throughput" : 11.635618956750404,
    "receivedKBytesPerSec" : 3.8520261975960812,
    "sentKBytesPerSec" : 62.12102425444772
  },
  "Get R360 BootStrap Config" : {
    "transaction" : "Get R360 BootStrap Config",
    "sampleCount" : 1000,
    "errorCount" : 0,
    "errorPct" : 0.0,
    "meanResTime" : 1788.2249999999995,
    "medianResTime" : 874.0,
    "minResTime" : 441.0,
    "maxResTime" : 15632.0,
    "pct1ResTime" : 4534.099999999999,
    "pct2ResTime" : 6825.599999999986,
    "pct3ResTime" : 10888.79,
    "throughput" : 39.47576188220433,
    "receivedKBytesPerSec" : 65.49738226354019,
    "sentKBytesPerSec" : 210.94860255802936
  },
  "Get Global Sections for Relationship" : {
    "transaction" : "Get Global Sections for Relationship",
    "sampleCount" : 1000,
    "errorCount" : 0,
    "errorPct" : 0.0,
    "meanResTime" : 4305.882999999989,
    "medianResTime" : 4621.0,
    "minResTime" : 245.0,
    "maxResTime" : 9190.0,
    "pct1ResTime" : 7506.5,
    "pct2ResTime" : 7776.65,
    "pct3ResTime" : 8151.0,
    "throughput" : 18.971012293215963,
    "receivedKBytesPerSec" : 15.784475072089846,
    "sentKBytesPerSec" : 101.26518866671725
  },
  "Get Global Sections Under Company" : {
    "transaction" : "Get Global Sections Under Company",
    "sampleCount" : 1000,
    "errorCount" : 0,
    "errorPct" : 0.0,
    "meanResTime" : 4868.715999999993,
    "medianResTime" : 4989.0,
    "minResTime" : 374.0,
    "maxResTime" : 9425.0,
    "pct1ResTime" : 7465.0,
    "pct2ResTime" : 7768.699999999998,
    "pct3ResTime" : 9209.0,
    "throughput" : 31.529827216546852,
    "receivedKBytesPerSec" : 6.496868694034556,
    "sentKBytesPerSec" : 168.14881487261948
  },
  "Get Layouts Under Relationship" : {
    "transaction" : "Get Layouts Under Relationship",
    "sampleCount" : 1000,
    "errorCount" : 0,
    "errorPct" : 0.0,
    "meanResTime" : 15262.655999999999,
    "medianResTime" : 15295.0,
    "minResTime" : 2061.0,
    "maxResTime" : 30373.0,
    "pct1ResTime" : 24085.1,
    "pct2ResTime" : 25749.8,
    "pct3ResTime" : 28000.86,
    "throughput" : 18.174548362473192,
    "receivedKBytesPerSec" : 11.181606902693469,
    "sentKBytesPerSec" : 97.13799139435136
  },
  "Get R360 Layout State Call" : {
    "transaction" : "Get R360 Layout State Call",
    "sampleCount" : 1000,
    "errorCount" : 523,
    "errorPct" : 52.3,
    "meanResTime" : 591.937000000001,
    "medianResTime" : 1.0,
    "minResTime" : 0.0,
    "maxResTime" : 6972.0,
    "pct1ResTime" : 1882.199999999998,
    "pct2ResTime" : 3042.0,
    "pct3ResTime" : 4879.0,
    "throughput" : 18.890022290226305,
    "receivedKBytesPerSec" : 30.541771742415655,
    "sentKBytesPerSec" : 48.44045525544033
  },
  "Get All Object Association" : {
    "transaction" : "Get All Object Association",
    "sampleCount" : 1000,
    "errorCount" : 595,
    "errorPct" : 59.5,
    "meanResTime" : 48555.95099999993,
    "medianResTime" : 60964.5,
    "minResTime" : 10124.0,
    "maxResTime" : 65585.0,
    "pct1ResTime" : 63646.9,
    "pct2ResTime" : 64072.55,
    "pct3ResTime" : 65121.46,
    "throughput" : 8.848382958014422,
    "receivedKBytesPerSec" : 6.642940787727293,
    "sentKBytesPerSec" : 47.25762343494226
  },
  "Get SummaryRibbon Config for Preconfig" : {
    "transaction" : "Get SummaryRibbon Config for Preconfig",
    "sampleCount" : 1000,
    "errorCount" : 0,
    "errorPct" : 0.0,
    "meanResTime" : 252.52199999999976,
    "medianResTime" : 233.0,
    "minResTime" : 218.0,
    "maxResTime" : 861.0,
    "pct1ResTime" : 295.9,
    "pct2ResTime" : 339.94999999999993,
    "pct3ResTime" : 542.95,
    "throughput" : 15.727474324898166,
    "receivedKBytesPerSec" : 117.92533971344542,
    "sentKBytesPerSec" : 84.08976750861079
  },
  "Get Company Layout Info " : {
    "transaction" : "Get Company Layout Info ",
    "sampleCount" : 1000,
    "errorCount" : 0,
    "errorPct" : 0.0,
    "meanResTime" : 471.6139999999997,
    "medianResTime" : 467.0,
    "minResTime" : 231.0,
    "maxResTime" : 1750.0,
    "pct1ResTime" : 574.9,
    "pct2ResTime" : 706.0,
    "pct3ResTime" : 1042.96,
    "throughput" : 15.573655604179969,
    "receivedKBytesPerSec" : 9.520613679899084,
    "sentKBytesPerSec" : 83.46506050365203
  },
  "Get Layouts Under Company" : {
    "transaction" : "Get Layouts Under Company",
    "sampleCount" : 1000,
    "errorCount" : 0,
    "errorPct" : 0.0,
    "meanResTime" : 4074.1780000000026,
    "medianResTime" : 3472.5,
    "minResTime" : 424.0,
    "maxResTime" : 9243.0,
    "pct1ResTime" : 7884.0,
    "pct2ResTime" : 8151.0,
    "pct3ResTime" : 9187.85,
    "throughput" : 35.36818278276862,
    "receivedKBytesPerSec" : 32.77773970785881,
    "sentKBytesPerSec" : 188.86056978142463
  },
  "Total" : {
    "transaction" : "Total",
    "sampleCount" : 19000,
    "errorCount" : 1620,
    "errorPct" : 8.526316,
    "meanResTime" : 10802.090736842105,
    "medianResTime" : 2938.0,
    "minResTime" : 0.0,
    "maxResTime" : 66429.0,
    "pct1ResTime" : 29736.9,
    "pct2ResTime" : 60866.75,
    "pct3ResTime" : 63515.98,
    "throughput" : 128.7908572048317,
    "receivedKBytesPerSec" : 158.8052963969063,
    "sentKBytesPerSec" : 660.9463583431904
  },
  "C360 Boot Strap API" : {
    "transaction" : "C360 Boot Strap API",
    "sampleCount" : 1000,
    "errorCount" : 0,
    "errorPct" : 0.0,
    "meanResTime" : 1727.3080000000011,
    "medianResTime" : 868.0,
    "minResTime" : 442.0,
    "maxResTime" : 15741.0,
    "pct1ResTime" : 4335.199999999995,
    "pct2ResTime" : 6244.7,
    "pct3ResTime" : 10917.94,